language,hf_codes,n_models,model-link
Hausa,"['ha', 'hau']",57,"UBC-NLP/cheetah-base: https://huggingface.co/UBC-NLP/cheetah-base
LLaMAX/LLaMAX2-7B: https://huggingface.co/LLaMAX/LLaMAX2-7B
LLaMAX/LLaMAX3-8B: https://huggingface.co/LLaMAX/LLaMAX3-8B
Jacaranda/AfroLlama_V1: https://huggingface.co/Jacaranda/AfroLlama_V1
lightblue/kurage-multilingual: https://huggingface.co/lightblue/kurage-multilingual
tangledgroup/tangled-llama-33m-32k-base-v0.1: https://huggingface.co/tangledgroup/tangled-llama-33m-32k-base-v0.1
tangledgroup/tangled-llama-33m-32k-instruct-v0.1: https://huggingface.co/tangledgroup/tangled-llama-33m-32k-instruct-v0.1
tangledgroup/tangled-llama-p-128k-base-v0.1: https://huggingface.co/tangledgroup/tangled-llama-p-128k-base-v0.1
LeroyDyer/SpydazWeb_AI_HumanAI_011_INSTRUCT: https://huggingface.co/LeroyDyer/SpydazWeb_AI_HumanAI_011_INSTRUCT
ChiomaBless/Chiomascreation: https://huggingface.co/ChiomaBless/Chiomascreation
ChrisToukmaji/llama_hausa_LAFT: https://huggingface.co/ChrisToukmaji/llama_hausa_LAFT
jbochi/madlad400-8b-lm: https://huggingface.co/jbochi/madlad400-8b-lm
google/madlad400-8b-lm: https://huggingface.co/google/madlad400-8b-lm
lelapa/InkubaLM-0.4B: https://huggingface.co/lelapa/InkubaLM-0.4B
LeroyDyer/_Spydaz_Web_AI_: https://huggingface.co/LeroyDyer/_Spydaz_Web_AI_
LLaMAX/LLaMAX2-7B-Alpaca: https://huggingface.co/LLaMAX/LLaMAX2-7B-Alpaca
LLaMAX/LLaMAX2-7B-MetaMath: https://huggingface.co/LLaMAX/LLaMAX2-7B-MetaMath
LLaMAX/LLaMAX3-8B-Alpaca: https://huggingface.co/LLaMAX/LLaMAX3-8B-Alpaca
LLaMAX/LLaMAX2-7B-XNLI: https://huggingface.co/LLaMAX/LLaMAX2-7B-XNLI
LLaMAX/LLaMAX2-7B-X-CSQA: https://huggingface.co/LLaMAX/LLaMAX2-7B-X-CSQA
Jacaranda/HausaLlama: https://huggingface.co/Jacaranda/HausaLlama
LeroyDyer/SpydazWeb_AGI_MistralStar_001_Project: https://huggingface.co/LeroyDyer/SpydazWeb_AGI_MistralStar_001_Project
LeroyDyer/_Spydaz_Web_AI_MistralStar_001_Project: https://huggingface.co/LeroyDyer/_Spydaz_Web_AI_MistralStar_001_Project
LeroyDyer/QuietStar_Project: https://huggingface.co/LeroyDyer/QuietStar_Project
LeroyDyer/_Spydaz_Web_AI_MistralStar_4BIT: https://huggingface.co/LeroyDyer/_Spydaz_Web_AI_MistralStar_4BIT
LeroyDyer/_Spydaz_Web_AI_MistralStar_V2: https://huggingface.co/LeroyDyer/_Spydaz_Web_AI_MistralStar_V2
vutuka/Llama-3.1-8B-african-aya: https://huggingface.co/vutuka/Llama-3.1-8B-african-aya
Dimeltech/Tenezis-8B: https://huggingface.co/Dimeltech/Tenezis-8B
QuantFactory/InkubaLM-0.4B-GGUF: https://huggingface.co/QuantFactory/InkubaLM-0.4B-GGUF
tangledgroup/tangled-llama-108m-32k-base-v0.1: https://huggingface.co/tangledgroup/tangled-llama-108m-32k-base-v0.1
tangledgroup/tangled-llama-109m-32k-base-v0.1: https://huggingface.co/tangledgroup/tangled-llama-109m-32k-base-v0.1
tangledgroup/tangled-llama-v-128k-base-v0.1: https://huggingface.co/tangledgroup/tangled-llama-v-128k-base-v0.1
tangledgroup/tangled-llama-u-128k-base-v0.1: https://huggingface.co/tangledgroup/tangled-llama-u-128k-base-v0.1
tangledgroup/tangled-llama-t-128k-base-v0.1: https://huggingface.co/tangledgroup/tangled-llama-t-128k-base-v0.1
tangledgroup/tangled-llama-q-128k-base-v0.1: https://huggingface.co/tangledgroup/tangled-llama-q-128k-base-v0.1
yaya-sy/lil-inkuba: https://huggingface.co/yaya-sy/lil-inkuba
tangledgroup/tangled-llama-a-128k-base-v0.1: https://huggingface.co/tangledgroup/tangled-llama-a-128k-base-v0.1
tangledgroup/tangled-llama-b-128k-base-v0.1: https://huggingface.co/tangledgroup/tangled-llama-b-128k-base-v0.1
LeroyDyer/SpydazWeb_AI_HumanAI_002: https://huggingface.co/LeroyDyer/SpydazWeb_AI_HumanAI_002
LeroyDyer/SpydazWeb_AI_HumanAI_RP: https://huggingface.co/LeroyDyer/SpydazWeb_AI_HumanAI_RP
tangledgroup/tangled-llama-e-128k-v0.1: https://huggingface.co/tangledgroup/tangled-llama-e-128k-v0.1
tangledgroup/tangled-llama-f-128k-v0.1: https://huggingface.co/tangledgroup/tangled-llama-f-128k-v0.1
tangledgroup/tangled-llama-g-128k-v0.1: https://huggingface.co/tangledgroup/tangled-llama-g-128k-v0.1
tangledgroup/tangled-llama-h-128k-v0.1: https://huggingface.co/tangledgroup/tangled-llama-h-128k-v0.1
tangledgroup/tangled-llama-i-128k-v0.1: https://huggingface.co/tangledgroup/tangled-llama-i-128k-v0.1
LeroyDyer/SpydazWeb_AI_HumanAI_008_ChatQA: https://huggingface.co/LeroyDyer/SpydazWeb_AI_HumanAI_008_ChatQA
LeroyDyer/SpydazWeb_AI_HumanAI_008_Base64Vision: https://huggingface.co/LeroyDyer/SpydazWeb_AI_HumanAI_008_Base64Vision
LeroyDyer/SpydazWeb_AI_HumanAI_009_Base64Vision: https://huggingface.co/LeroyDyer/SpydazWeb_AI_HumanAI_009_Base64Vision
MaziyarPanahi/Mistral-7B-Instruct-Aya-101: https://huggingface.co/MaziyarPanahi/Mistral-7B-Instruct-Aya-101
MaziyarPanahi/Mistral-7B-Instruct-Aya-101-GGUF: https://huggingface.co/MaziyarPanahi/Mistral-7B-Instruct-Aya-101-GGUF
goldfish-models/hau_latn_1000mb: https://huggingface.co/goldfish-models/hau_latn_1000mb
UBC-NLP/cheetah-1.2B: https://huggingface.co/UBC-NLP/cheetah-1.2B
UBC-NLP/toucan-base: https://huggingface.co/UBC-NLP/toucan-base
goldfish-models/hau_latn_100mb: https://huggingface.co/goldfish-models/hau_latn_100mb
UBC-NLP/toucan-1.2B: https://huggingface.co/UBC-NLP/toucan-1.2B
goldfish-models/hau_latn_10mb: https://huggingface.co/goldfish-models/hau_latn_10mb
goldfish-models/hau_latn_5mb: https://huggingface.co/goldfish-models/hau_latn_5mb"
Yoruba,"['yo', 'yor']",54,"UBC-NLP/cheetah-base: https://huggingface.co/UBC-NLP/cheetah-base
LLaMAX/LLaMAX2-7B: https://huggingface.co/LLaMAX/LLaMAX2-7B
LLaMAX/LLaMAX3-8B: https://huggingface.co/LLaMAX/LLaMAX3-8B
Jacaranda/AfroLlama_V1: https://huggingface.co/Jacaranda/AfroLlama_V1
lightblue/kurage-multilingual: https://huggingface.co/lightblue/kurage-multilingual
tangledgroup/tangled-llama-33m-32k-base-v0.1: https://huggingface.co/tangledgroup/tangled-llama-33m-32k-base-v0.1
tangledgroup/tangled-llama-33m-32k-instruct-v0.1: https://huggingface.co/tangledgroup/tangled-llama-33m-32k-instruct-v0.1
tangledgroup/tangled-llama-p-128k-base-v0.1: https://huggingface.co/tangledgroup/tangled-llama-p-128k-base-v0.1
ChiomaBless/Chiomascreation: https://huggingface.co/ChiomaBless/Chiomascreation
jbochi/madlad400-8b-lm: https://huggingface.co/jbochi/madlad400-8b-lm
google/madlad400-8b-lm: https://huggingface.co/google/madlad400-8b-lm
lelapa/InkubaLM-0.4B: https://huggingface.co/lelapa/InkubaLM-0.4B
LLaMAX/LLaMAX2-7B-Alpaca: https://huggingface.co/LLaMAX/LLaMAX2-7B-Alpaca
LLaMAX/LLaMAX2-7B-MetaMath: https://huggingface.co/LLaMAX/LLaMAX2-7B-MetaMath
LLaMAX/LLaMAX3-8B-Alpaca: https://huggingface.co/LLaMAX/LLaMAX3-8B-Alpaca
LLaMAX/LLaMAX2-7B-XNLI: https://huggingface.co/LLaMAX/LLaMAX2-7B-XNLI
LLaMAX/LLaMAX2-7B-X-CSQA: https://huggingface.co/LLaMAX/LLaMAX2-7B-X-CSQA
vutuka/Llama-3.1-8B-african-aya: https://huggingface.co/vutuka/Llama-3.1-8B-african-aya
Dimeltech/Tenezis-8B: https://huggingface.co/Dimeltech/Tenezis-8B
QuantFactory/InkubaLM-0.4B-GGUF: https://huggingface.co/QuantFactory/InkubaLM-0.4B-GGUF
tangledgroup/tangled-llama-108m-32k-base-v0.1: https://huggingface.co/tangledgroup/tangled-llama-108m-32k-base-v0.1
tangledgroup/tangled-llama-109m-32k-base-v0.1: https://huggingface.co/tangledgroup/tangled-llama-109m-32k-base-v0.1
tangledgroup/tangled-llama-v-128k-base-v0.1: https://huggingface.co/tangledgroup/tangled-llama-v-128k-base-v0.1
tangledgroup/tangled-llama-u-128k-base-v0.1: https://huggingface.co/tangledgroup/tangled-llama-u-128k-base-v0.1
tangledgroup/tangled-llama-t-128k-base-v0.1: https://huggingface.co/tangledgroup/tangled-llama-t-128k-base-v0.1
tangledgroup/tangled-llama-q-128k-base-v0.1: https://huggingface.co/tangledgroup/tangled-llama-q-128k-base-v0.1
yaya-sy/lil-inkuba: https://huggingface.co/yaya-sy/lil-inkuba
tangledgroup/tangled-llama-a-128k-base-v0.1: https://huggingface.co/tangledgroup/tangled-llama-a-128k-base-v0.1
tangledgroup/tangled-llama-b-128k-base-v0.1: https://huggingface.co/tangledgroup/tangled-llama-b-128k-base-v0.1
tangledgroup/tangled-llama-e-128k-v0.1: https://huggingface.co/tangledgroup/tangled-llama-e-128k-v0.1
tangledgroup/tangled-llama-f-128k-v0.1: https://huggingface.co/tangledgroup/tangled-llama-f-128k-v0.1
tangledgroup/tangled-llama-g-128k-v0.1: https://huggingface.co/tangledgroup/tangled-llama-g-128k-v0.1
tangledgroup/tangled-llama-h-128k-v0.1: https://huggingface.co/tangledgroup/tangled-llama-h-128k-v0.1
tangledgroup/tangled-llama-i-128k-v0.1: https://huggingface.co/tangledgroup/tangled-llama-i-128k-v0.1
MaziyarPanahi/Mistral-7B-Instruct-Aya-101: https://huggingface.co/MaziyarPanahi/Mistral-7B-Instruct-Aya-101
MaziyarPanahi/Mistral-7B-Instruct-Aya-101-GGUF: https://huggingface.co/MaziyarPanahi/Mistral-7B-Instruct-Aya-101-GGUF
UBC-NLP/cheetah-1.2B: https://huggingface.co/UBC-NLP/cheetah-1.2B
UBC-NLP/toucan-base: https://huggingface.co/UBC-NLP/toucan-base
UBC-NLP/toucan-1.2B: https://huggingface.co/UBC-NLP/toucan-1.2B
ai-forever/mGPT: https://huggingface.co/ai-forever/mGPT
ai-forever/mGPT-13B: https://huggingface.co/ai-forever/mGPT-13B
papahawk/keya-560m: https://huggingface.co/papahawk/keya-560m
seyabde/mistral_7b_yo_instruct: https://huggingface.co/seyabde/mistral_7b_yo_instruct
PeepDaSlan9/BMO_3.5: https://huggingface.co/PeepDaSlan9/BMO_3.5
DFofanov78/mGPT: https://huggingface.co/DFofanov78/mGPT
ccibeekeoc42/Llama3-8b-chat-SFT-2024-04-20: https://huggingface.co/ccibeekeoc42/Llama3-8b-chat-SFT-2024-04-20
vutuka/llama-3-8b-african-aya-4bit: https://huggingface.co/vutuka/llama-3-8b-african-aya-4bit
monsterbeasts/LishizhenGPT: https://huggingface.co/monsterbeasts/LishizhenGPT
Jacaranda/YorubaLlama: https://huggingface.co/Jacaranda/YorubaLlama
vutuka/LLaMAX3-8B-Alpaca-4bit: https://huggingface.co/vutuka/LLaMAX3-8B-Alpaca-4bit
goldfish-models/yor_latn_full: https://huggingface.co/goldfish-models/yor_latn_full
goldfish-models/yor_latn_100mb: https://huggingface.co/goldfish-models/yor_latn_100mb
goldfish-models/yor_latn_10mb: https://huggingface.co/goldfish-models/yor_latn_10mb
goldfish-models/yor_latn_5mb: https://huggingface.co/goldfish-models/yor_latn_5mb"
Chichewa,['ny'],16,"LLaMAX/LLaMAX2-7B: https://huggingface.co/LLaMAX/LLaMAX2-7B
LLaMAX/LLaMAX3-8B: https://huggingface.co/LLaMAX/LLaMAX3-8B
jbochi/madlad400-8b-lm: https://huggingface.co/jbochi/madlad400-8b-lm
google/madlad400-8b-lm: https://huggingface.co/google/madlad400-8b-lm
LLaMAX/LLaMAX2-7B-Alpaca: https://huggingface.co/LLaMAX/LLaMAX2-7B-Alpaca
LLaMAX/LLaMAX2-7B-MetaMath: https://huggingface.co/LLaMAX/LLaMAX2-7B-MetaMath
LLaMAX/LLaMAX3-8B-Alpaca: https://huggingface.co/LLaMAX/LLaMAX3-8B-Alpaca
LLaMAX/LLaMAX2-7B-XNLI: https://huggingface.co/LLaMAX/LLaMAX2-7B-XNLI
LLaMAX/LLaMAX2-7B-X-CSQA: https://huggingface.co/LLaMAX/LLaMAX2-7B-X-CSQA
MaziyarPanahi/Mistral-7B-Instruct-Aya-101: https://huggingface.co/MaziyarPanahi/Mistral-7B-Instruct-Aya-101
MaziyarPanahi/Mistral-7B-Instruct-Aya-101-GGUF: https://huggingface.co/MaziyarPanahi/Mistral-7B-Instruct-Aya-101-GGUF
UBC-NLP/cheetah-1.2B: https://huggingface.co/UBC-NLP/cheetah-1.2B
UBC-NLP/toucan-base: https://huggingface.co/UBC-NLP/toucan-base
UBC-NLP/toucan-1.2B: https://huggingface.co/UBC-NLP/toucan-1.2B
papahawk/keya-560m: https://huggingface.co/papahawk/keya-560m
monsterbeasts/LishizhenGPT: https://huggingface.co/monsterbeasts/LishizhenGPT"
Igbo,"['ig', 'ibo']",54,"UBC-NLP/cheetah-base: https://huggingface.co/UBC-NLP/cheetah-base
LLaMAX/LLaMAX2-7B: https://huggingface.co/LLaMAX/LLaMAX2-7B
LLaMAX/LLaMAX3-8B: https://huggingface.co/LLaMAX/LLaMAX3-8B
tangledgroup/tangled-llama-33m-32k-base-v0.1: https://huggingface.co/tangledgroup/tangled-llama-33m-32k-base-v0.1
tangledgroup/tangled-llama-33m-32k-instruct-v0.1: https://huggingface.co/tangledgroup/tangled-llama-33m-32k-instruct-v0.1
tangledgroup/tangled-llama-p-128k-base-v0.1: https://huggingface.co/tangledgroup/tangled-llama-p-128k-base-v0.1
LeroyDyer/SpydazWeb_AI_HumanAI_011_INSTRUCT: https://huggingface.co/LeroyDyer/SpydazWeb_AI_HumanAI_011_INSTRUCT
ChiomaBless/Chiomascreation: https://huggingface.co/ChiomaBless/Chiomascreation
jbochi/madlad400-8b-lm: https://huggingface.co/jbochi/madlad400-8b-lm
google/madlad400-8b-lm: https://huggingface.co/google/madlad400-8b-lm
LeroyDyer/_Spydaz_Web_AI_: https://huggingface.co/LeroyDyer/_Spydaz_Web_AI_
LLaMAX/LLaMAX2-7B-Alpaca: https://huggingface.co/LLaMAX/LLaMAX2-7B-Alpaca
LLaMAX/LLaMAX2-7B-MetaMath: https://huggingface.co/LLaMAX/LLaMAX2-7B-MetaMath
LLaMAX/LLaMAX3-8B-Alpaca: https://huggingface.co/LLaMAX/LLaMAX3-8B-Alpaca
LLaMAX/LLaMAX2-7B-XNLI: https://huggingface.co/LLaMAX/LLaMAX2-7B-XNLI
LLaMAX/LLaMAX2-7B-X-CSQA: https://huggingface.co/LLaMAX/LLaMAX2-7B-X-CSQA
LeroyDyer/SpydazWeb_AGI_MistralStar_001_Project: https://huggingface.co/LeroyDyer/SpydazWeb_AGI_MistralStar_001_Project
LeroyDyer/_Spydaz_Web_AI_MistralStar_001_Project: https://huggingface.co/LeroyDyer/_Spydaz_Web_AI_MistralStar_001_Project
LeroyDyer/QuietStar_Project: https://huggingface.co/LeroyDyer/QuietStar_Project
LeroyDyer/_Spydaz_Web_AI_MistralStar_4BIT: https://huggingface.co/LeroyDyer/_Spydaz_Web_AI_MistralStar_4BIT
LeroyDyer/_Spydaz_Web_AI_MistralStar_V2: https://huggingface.co/LeroyDyer/_Spydaz_Web_AI_MistralStar_V2
vutuka/Llama-3.1-8B-african-aya: https://huggingface.co/vutuka/Llama-3.1-8B-african-aya
tangledgroup/tangled-llama-108m-32k-base-v0.1: https://huggingface.co/tangledgroup/tangled-llama-108m-32k-base-v0.1
tangledgroup/tangled-llama-109m-32k-base-v0.1: https://huggingface.co/tangledgroup/tangled-llama-109m-32k-base-v0.1
tangledgroup/tangled-llama-v-128k-base-v0.1: https://huggingface.co/tangledgroup/tangled-llama-v-128k-base-v0.1
tangledgroup/tangled-llama-u-128k-base-v0.1: https://huggingface.co/tangledgroup/tangled-llama-u-128k-base-v0.1
tangledgroup/tangled-llama-t-128k-base-v0.1: https://huggingface.co/tangledgroup/tangled-llama-t-128k-base-v0.1
tangledgroup/tangled-llama-q-128k-base-v0.1: https://huggingface.co/tangledgroup/tangled-llama-q-128k-base-v0.1
tangledgroup/tangled-llama-a-128k-base-v0.1: https://huggingface.co/tangledgroup/tangled-llama-a-128k-base-v0.1
tangledgroup/tangled-llama-b-128k-base-v0.1: https://huggingface.co/tangledgroup/tangled-llama-b-128k-base-v0.1
LeroyDyer/SpydazWeb_AI_HumanAI_002: https://huggingface.co/LeroyDyer/SpydazWeb_AI_HumanAI_002
LeroyDyer/SpydazWeb_AI_HumanAI_RP: https://huggingface.co/LeroyDyer/SpydazWeb_AI_HumanAI_RP
tangledgroup/tangled-llama-e-128k-v0.1: https://huggingface.co/tangledgroup/tangled-llama-e-128k-v0.1
tangledgroup/tangled-llama-f-128k-v0.1: https://huggingface.co/tangledgroup/tangled-llama-f-128k-v0.1
tangledgroup/tangled-llama-g-128k-v0.1: https://huggingface.co/tangledgroup/tangled-llama-g-128k-v0.1
tangledgroup/tangled-llama-h-128k-v0.1: https://huggingface.co/tangledgroup/tangled-llama-h-128k-v0.1
tangledgroup/tangled-llama-i-128k-v0.1: https://huggingface.co/tangledgroup/tangled-llama-i-128k-v0.1
LeroyDyer/SpydazWeb_AI_HumanAI_008_ChatQA: https://huggingface.co/LeroyDyer/SpydazWeb_AI_HumanAI_008_ChatQA
LeroyDyer/SpydazWeb_AI_HumanAI_008_Base64Vision: https://huggingface.co/LeroyDyer/SpydazWeb_AI_HumanAI_008_Base64Vision
LeroyDyer/SpydazWeb_AI_HumanAI_009_Base64Vision: https://huggingface.co/LeroyDyer/SpydazWeb_AI_HumanAI_009_Base64Vision
MaziyarPanahi/Mistral-7B-Instruct-Aya-101: https://huggingface.co/MaziyarPanahi/Mistral-7B-Instruct-Aya-101
MaziyarPanahi/Mistral-7B-Instruct-Aya-101-GGUF: https://huggingface.co/MaziyarPanahi/Mistral-7B-Instruct-Aya-101-GGUF
UBC-NLP/cheetah-1.2B: https://huggingface.co/UBC-NLP/cheetah-1.2B
UBC-NLP/toucan-base: https://huggingface.co/UBC-NLP/toucan-base
UBC-NLP/toucan-1.2B: https://huggingface.co/UBC-NLP/toucan-1.2B
papahawk/keya-560m: https://huggingface.co/papahawk/keya-560m
PeepDaSlan9/BMO_3.5: https://huggingface.co/PeepDaSlan9/BMO_3.5
ccibeekeoc42/Llama3-8b-chat-SFT-2024-04-20: https://huggingface.co/ccibeekeoc42/Llama3-8b-chat-SFT-2024-04-20
vutuka/llama-3-8b-african-aya-4bit: https://huggingface.co/vutuka/llama-3-8b-african-aya-4bit
monsterbeasts/LishizhenGPT: https://huggingface.co/monsterbeasts/LishizhenGPT
goldfish-models/ibo_latn_full: https://huggingface.co/goldfish-models/ibo_latn_full
goldfish-models/ibo_latn_100mb: https://huggingface.co/goldfish-models/ibo_latn_100mb
goldfish-models/ibo_latn_10mb: https://huggingface.co/goldfish-models/ibo_latn_10mb
goldfish-models/ibo_latn_5mb: https://huggingface.co/goldfish-models/ibo_latn_5mb"
Oromo,"['om', 'orm']",38,"UBC-NLP/cheetah-base: https://huggingface.co/UBC-NLP/cheetah-base
LLaMAX/LLaMAX2-7B: https://huggingface.co/LLaMAX/LLaMAX2-7B
LLaMAX/LLaMAX3-8B: https://huggingface.co/LLaMAX/LLaMAX3-8B
tangledgroup/tangled-llama-33m-32k-base-v0.1: https://huggingface.co/tangledgroup/tangled-llama-33m-32k-base-v0.1
tangledgroup/tangled-llama-33m-32k-instruct-v0.1: https://huggingface.co/tangledgroup/tangled-llama-33m-32k-instruct-v0.1
tangledgroup/tangled-llama-p-128k-base-v0.1: https://huggingface.co/tangledgroup/tangled-llama-p-128k-base-v0.1
jbochi/madlad400-8b-lm: https://huggingface.co/jbochi/madlad400-8b-lm
google/madlad400-8b-lm: https://huggingface.co/google/madlad400-8b-lm
LLaMAX/LLaMAX2-7B-Alpaca: https://huggingface.co/LLaMAX/LLaMAX2-7B-Alpaca
LLaMAX/LLaMAX2-7B-MetaMath: https://huggingface.co/LLaMAX/LLaMAX2-7B-MetaMath
LLaMAX/LLaMAX3-8B-Alpaca: https://huggingface.co/LLaMAX/LLaMAX3-8B-Alpaca
LLaMAX/LLaMAX2-7B-XNLI: https://huggingface.co/LLaMAX/LLaMAX2-7B-XNLI
LLaMAX/LLaMAX2-7B-X-CSQA: https://huggingface.co/LLaMAX/LLaMAX2-7B-X-CSQA
tangledgroup/tangled-llama-108m-32k-base-v0.1: https://huggingface.co/tangledgroup/tangled-llama-108m-32k-base-v0.1
tangledgroup/tangled-llama-109m-32k-base-v0.1: https://huggingface.co/tangledgroup/tangled-llama-109m-32k-base-v0.1
tangledgroup/tangled-llama-v-128k-base-v0.1: https://huggingface.co/tangledgroup/tangled-llama-v-128k-base-v0.1
tangledgroup/tangled-llama-u-128k-base-v0.1: https://huggingface.co/tangledgroup/tangled-llama-u-128k-base-v0.1
tangledgroup/tangled-llama-t-128k-base-v0.1: https://huggingface.co/tangledgroup/tangled-llama-t-128k-base-v0.1
tangledgroup/tangled-llama-q-128k-base-v0.1: https://huggingface.co/tangledgroup/tangled-llama-q-128k-base-v0.1
tangledgroup/tangled-llama-a-128k-base-v0.1: https://huggingface.co/tangledgroup/tangled-llama-a-128k-base-v0.1
tangledgroup/tangled-llama-b-128k-base-v0.1: https://huggingface.co/tangledgroup/tangled-llama-b-128k-base-v0.1
tangledgroup/tangled-llama-e-128k-v0.1: https://huggingface.co/tangledgroup/tangled-llama-e-128k-v0.1
tangledgroup/tangled-llama-f-128k-v0.1: https://huggingface.co/tangledgroup/tangled-llama-f-128k-v0.1
tangledgroup/tangled-llama-g-128k-v0.1: https://huggingface.co/tangledgroup/tangled-llama-g-128k-v0.1
tangledgroup/tangled-llama-h-128k-v0.1: https://huggingface.co/tangledgroup/tangled-llama-h-128k-v0.1
tangledgroup/tangled-llama-i-128k-v0.1: https://huggingface.co/tangledgroup/tangled-llama-i-128k-v0.1
MaziyarPanahi/Mistral-7B-Instruct-Aya-101: https://huggingface.co/MaziyarPanahi/Mistral-7B-Instruct-Aya-101
MaziyarPanahi/Mistral-7B-Instruct-Aya-101-GGUF: https://huggingface.co/MaziyarPanahi/Mistral-7B-Instruct-Aya-101-GGUF
UBC-NLP/cheetah-1.2B: https://huggingface.co/UBC-NLP/cheetah-1.2B
UBC-NLP/toucan-base: https://huggingface.co/UBC-NLP/toucan-base
UBC-NLP/toucan-1.2B: https://huggingface.co/UBC-NLP/toucan-1.2B
goldfish-models/gaz_latn_full: https://huggingface.co/goldfish-models/gaz_latn_full
goldfish-models/orm_latn_full: https://huggingface.co/goldfish-models/orm_latn_full
goldfish-models/orm_latn_100mb: https://huggingface.co/goldfish-models/orm_latn_100mb
goldfish-models/gaz_latn_10mb: https://huggingface.co/goldfish-models/gaz_latn_10mb
goldfish-models/orm_latn_10mb: https://huggingface.co/goldfish-models/orm_latn_10mb
goldfish-models/gaz_latn_5mb: https://huggingface.co/goldfish-models/gaz_latn_5mb
goldfish-models/orm_latn_5mb: https://huggingface.co/goldfish-models/orm_latn_5mb"
Zulu,"['zu', 'zul']",59,"UBC-NLP/cheetah-base: https://huggingface.co/UBC-NLP/cheetah-base
LLaMAX/LLaMAX2-7B: https://huggingface.co/LLaMAX/LLaMAX2-7B
LLaMAX/LLaMAX3-8B: https://huggingface.co/LLaMAX/LLaMAX3-8B
Jacaranda/AfroLlama_V1: https://huggingface.co/Jacaranda/AfroLlama_V1
tangledgroup/tangled-llama-33m-32k-base-v0.1: https://huggingface.co/tangledgroup/tangled-llama-33m-32k-base-v0.1
tangledgroup/tangled-llama-33m-32k-instruct-v0.1: https://huggingface.co/tangledgroup/tangled-llama-33m-32k-instruct-v0.1
tangledgroup/tangled-llama-p-128k-base-v0.1: https://huggingface.co/tangledgroup/tangled-llama-p-128k-base-v0.1
LeroyDyer/SpydazWeb_AI_HumanAI_011_INSTRUCT: https://huggingface.co/LeroyDyer/SpydazWeb_AI_HumanAI_011_INSTRUCT
jbochi/madlad400-8b-lm: https://huggingface.co/jbochi/madlad400-8b-lm
google/madlad400-8b-lm: https://huggingface.co/google/madlad400-8b-lm
lelapa/InkubaLM-0.4B: https://huggingface.co/lelapa/InkubaLM-0.4B
LeroyDyer/_Spydaz_Web_AI_: https://huggingface.co/LeroyDyer/_Spydaz_Web_AI_
LLaMAX/LLaMAX2-7B-Alpaca: https://huggingface.co/LLaMAX/LLaMAX2-7B-Alpaca
LLaMAX/LLaMAX2-7B-MetaMath: https://huggingface.co/LLaMAX/LLaMAX2-7B-MetaMath
LLaMAX/LLaMAX3-8B-Alpaca: https://huggingface.co/LLaMAX/LLaMAX3-8B-Alpaca
LLaMAX/LLaMAX2-7B-XNLI: https://huggingface.co/LLaMAX/LLaMAX2-7B-XNLI
LLaMAX/LLaMAX2-7B-X-CSQA: https://huggingface.co/LLaMAX/LLaMAX2-7B-X-CSQA
LeroyDyer/SpydazWeb_AGI_MistralStar_001_Project: https://huggingface.co/LeroyDyer/SpydazWeb_AGI_MistralStar_001_Project
LeroyDyer/_Spydaz_Web_AI_MistralStar_001_Project: https://huggingface.co/LeroyDyer/_Spydaz_Web_AI_MistralStar_001_Project
LeroyDyer/QuietStar_Project: https://huggingface.co/LeroyDyer/QuietStar_Project
LeroyDyer/_Spydaz_Web_AI_MistralStar_4BIT: https://huggingface.co/LeroyDyer/_Spydaz_Web_AI_MistralStar_4BIT
LeroyDyer/_Spydaz_Web_AI_MistralStar_V2: https://huggingface.co/LeroyDyer/_Spydaz_Web_AI_MistralStar_V2
vutuka/Llama-3.1-8B-african-aya: https://huggingface.co/vutuka/Llama-3.1-8B-african-aya
Dimeltech/Tenezis-8B: https://huggingface.co/Dimeltech/Tenezis-8B
QuantFactory/InkubaLM-0.4B-GGUF: https://huggingface.co/QuantFactory/InkubaLM-0.4B-GGUF
tangledgroup/tangled-llama-108m-32k-base-v0.1: https://huggingface.co/tangledgroup/tangled-llama-108m-32k-base-v0.1
tangledgroup/tangled-llama-109m-32k-base-v0.1: https://huggingface.co/tangledgroup/tangled-llama-109m-32k-base-v0.1
tangledgroup/tangled-llama-v-128k-base-v0.1: https://huggingface.co/tangledgroup/tangled-llama-v-128k-base-v0.1
tangledgroup/tangled-llama-u-128k-base-v0.1: https://huggingface.co/tangledgroup/tangled-llama-u-128k-base-v0.1
tangledgroup/tangled-llama-t-128k-base-v0.1: https://huggingface.co/tangledgroup/tangled-llama-t-128k-base-v0.1
tangledgroup/tangled-llama-q-128k-base-v0.1: https://huggingface.co/tangledgroup/tangled-llama-q-128k-base-v0.1
yaya-sy/lil-inkuba: https://huggingface.co/yaya-sy/lil-inkuba
tangledgroup/tangled-llama-a-128k-base-v0.1: https://huggingface.co/tangledgroup/tangled-llama-a-128k-base-v0.1
tangledgroup/tangled-llama-b-128k-base-v0.1: https://huggingface.co/tangledgroup/tangled-llama-b-128k-base-v0.1
LeroyDyer/SpydazWeb_AI_HumanAI_002: https://huggingface.co/LeroyDyer/SpydazWeb_AI_HumanAI_002
LeroyDyer/SpydazWeb_AI_HumanAI_RP: https://huggingface.co/LeroyDyer/SpydazWeb_AI_HumanAI_RP
tangledgroup/tangled-llama-e-128k-v0.1: https://huggingface.co/tangledgroup/tangled-llama-e-128k-v0.1
tangledgroup/tangled-llama-f-128k-v0.1: https://huggingface.co/tangledgroup/tangled-llama-f-128k-v0.1
tangledgroup/tangled-llama-g-128k-v0.1: https://huggingface.co/tangledgroup/tangled-llama-g-128k-v0.1
tangledgroup/tangled-llama-h-128k-v0.1: https://huggingface.co/tangledgroup/tangled-llama-h-128k-v0.1
tangledgroup/tangled-llama-i-128k-v0.1: https://huggingface.co/tangledgroup/tangled-llama-i-128k-v0.1
LeroyDyer/SpydazWeb_AI_HumanAI_008_ChatQA: https://huggingface.co/LeroyDyer/SpydazWeb_AI_HumanAI_008_ChatQA
LeroyDyer/SpydazWeb_AI_HumanAI_008_Base64Vision: https://huggingface.co/LeroyDyer/SpydazWeb_AI_HumanAI_008_Base64Vision
LeroyDyer/SpydazWeb_AI_HumanAI_009_Base64Vision: https://huggingface.co/LeroyDyer/SpydazWeb_AI_HumanAI_009_Base64Vision
MaziyarPanahi/Mistral-7B-Instruct-Aya-101: https://huggingface.co/MaziyarPanahi/Mistral-7B-Instruct-Aya-101
MaziyarPanahi/Mistral-7B-Instruct-Aya-101-GGUF: https://huggingface.co/MaziyarPanahi/Mistral-7B-Instruct-Aya-101-GGUF
UBC-NLP/cheetah-1.2B: https://huggingface.co/UBC-NLP/cheetah-1.2B
UBC-NLP/toucan-base: https://huggingface.co/UBC-NLP/toucan-base
UBC-NLP/toucan-1.2B: https://huggingface.co/UBC-NLP/toucan-1.2B
papahawk/keya-560m: https://huggingface.co/papahawk/keya-560m
vutuka/llama-3-8b-african-aya-4bit: https://huggingface.co/vutuka/llama-3-8b-african-aya-4bit
monsterbeasts/LishizhenGPT: https://huggingface.co/monsterbeasts/LishizhenGPT
Jacaranda/Xhosa_ZuluLlama3_v1: https://huggingface.co/Jacaranda/Xhosa_ZuluLlama3_v1
ChallengerSpaceShuttle/continued-trained-gemma2-2b: https://huggingface.co/ChallengerSpaceShuttle/continued-trained-gemma2-2b
ChallengerSpaceShuttle/finetuned-qlora-bafoGPT-2: https://huggingface.co/ChallengerSpaceShuttle/finetuned-qlora-bafoGPT-2
goldfish-models/zul_latn_full: https://huggingface.co/goldfish-models/zul_latn_full
goldfish-models/zul_latn_100mb: https://huggingface.co/goldfish-models/zul_latn_100mb
goldfish-models/zul_latn_10mb: https://huggingface.co/goldfish-models/zul_latn_10mb
goldfish-models/zul_latn_5mb: https://huggingface.co/goldfish-models/zul_latn_5mb"
Xhosa,"['xh', 'xho']",52,"UBC-NLP/cheetah-base: https://huggingface.co/UBC-NLP/cheetah-base
LLaMAX/LLaMAX2-7B: https://huggingface.co/LLaMAX/LLaMAX2-7B
LLaMAX/LLaMAX3-8B: https://huggingface.co/LLaMAX/LLaMAX3-8B
Jacaranda/AfroLlama_V1: https://huggingface.co/Jacaranda/AfroLlama_V1
tangledgroup/tangled-llama-33m-32k-base-v0.1: https://huggingface.co/tangledgroup/tangled-llama-33m-32k-base-v0.1
tangledgroup/tangled-llama-33m-32k-instruct-v0.1: https://huggingface.co/tangledgroup/tangled-llama-33m-32k-instruct-v0.1
tangledgroup/tangled-llama-p-128k-base-v0.1: https://huggingface.co/tangledgroup/tangled-llama-p-128k-base-v0.1
LeroyDyer/SpydazWeb_AI_HumanAI_011_INSTRUCT: https://huggingface.co/LeroyDyer/SpydazWeb_AI_HumanAI_011_INSTRUCT
jbochi/madlad400-8b-lm: https://huggingface.co/jbochi/madlad400-8b-lm
google/madlad400-8b-lm: https://huggingface.co/google/madlad400-8b-lm
lelapa/InkubaLM-0.4B: https://huggingface.co/lelapa/InkubaLM-0.4B
LeroyDyer/_Spydaz_Web_AI_: https://huggingface.co/LeroyDyer/_Spydaz_Web_AI_
LLaMAX/LLaMAX2-7B-Alpaca: https://huggingface.co/LLaMAX/LLaMAX2-7B-Alpaca
LLaMAX/LLaMAX2-7B-MetaMath: https://huggingface.co/LLaMAX/LLaMAX2-7B-MetaMath
LLaMAX/LLaMAX3-8B-Alpaca: https://huggingface.co/LLaMAX/LLaMAX3-8B-Alpaca
LLaMAX/LLaMAX2-7B-XNLI: https://huggingface.co/LLaMAX/LLaMAX2-7B-XNLI
LLaMAX/LLaMAX2-7B-X-CSQA: https://huggingface.co/LLaMAX/LLaMAX2-7B-X-CSQA
vutuka/Llama-3.1-8B-african-aya: https://huggingface.co/vutuka/Llama-3.1-8B-african-aya
Dimeltech/Tenezis-8B: https://huggingface.co/Dimeltech/Tenezis-8B
QuantFactory/InkubaLM-0.4B-GGUF: https://huggingface.co/QuantFactory/InkubaLM-0.4B-GGUF
tangledgroup/tangled-llama-108m-32k-base-v0.1: https://huggingface.co/tangledgroup/tangled-llama-108m-32k-base-v0.1
tangledgroup/tangled-llama-109m-32k-base-v0.1: https://huggingface.co/tangledgroup/tangled-llama-109m-32k-base-v0.1
tangledgroup/tangled-llama-v-128k-base-v0.1: https://huggingface.co/tangledgroup/tangled-llama-v-128k-base-v0.1
tangledgroup/tangled-llama-u-128k-base-v0.1: https://huggingface.co/tangledgroup/tangled-llama-u-128k-base-v0.1
tangledgroup/tangled-llama-t-128k-base-v0.1: https://huggingface.co/tangledgroup/tangled-llama-t-128k-base-v0.1
tangledgroup/tangled-llama-q-128k-base-v0.1: https://huggingface.co/tangledgroup/tangled-llama-q-128k-base-v0.1
yaya-sy/lil-inkuba: https://huggingface.co/yaya-sy/lil-inkuba
tangledgroup/tangled-llama-a-128k-base-v0.1: https://huggingface.co/tangledgroup/tangled-llama-a-128k-base-v0.1
tangledgroup/tangled-llama-b-128k-base-v0.1: https://huggingface.co/tangledgroup/tangled-llama-b-128k-base-v0.1
LeroyDyer/SpydazWeb_AI_HumanAI_002: https://huggingface.co/LeroyDyer/SpydazWeb_AI_HumanAI_002
LeroyDyer/SpydazWeb_AI_HumanAI_RP: https://huggingface.co/LeroyDyer/SpydazWeb_AI_HumanAI_RP
tangledgroup/tangled-llama-e-128k-v0.1: https://huggingface.co/tangledgroup/tangled-llama-e-128k-v0.1
tangledgroup/tangled-llama-f-128k-v0.1: https://huggingface.co/tangledgroup/tangled-llama-f-128k-v0.1
tangledgroup/tangled-llama-g-128k-v0.1: https://huggingface.co/tangledgroup/tangled-llama-g-128k-v0.1
tangledgroup/tangled-llama-h-128k-v0.1: https://huggingface.co/tangledgroup/tangled-llama-h-128k-v0.1
tangledgroup/tangled-llama-i-128k-v0.1: https://huggingface.co/tangledgroup/tangled-llama-i-128k-v0.1
LeroyDyer/SpydazWeb_AI_HumanAI_008_ChatQA: https://huggingface.co/LeroyDyer/SpydazWeb_AI_HumanAI_008_ChatQA
LeroyDyer/SpydazWeb_AI_HumanAI_008_Base64Vision: https://huggingface.co/LeroyDyer/SpydazWeb_AI_HumanAI_008_Base64Vision
LeroyDyer/SpydazWeb_AI_HumanAI_009_Base64Vision: https://huggingface.co/LeroyDyer/SpydazWeb_AI_HumanAI_009_Base64Vision
MaziyarPanahi/Mistral-7B-Instruct-Aya-101: https://huggingface.co/MaziyarPanahi/Mistral-7B-Instruct-Aya-101
MaziyarPanahi/Mistral-7B-Instruct-Aya-101-GGUF: https://huggingface.co/MaziyarPanahi/Mistral-7B-Instruct-Aya-101-GGUF
UBC-NLP/cheetah-1.2B: https://huggingface.co/UBC-NLP/cheetah-1.2B
UBC-NLP/toucan-base: https://huggingface.co/UBC-NLP/toucan-base
UBC-NLP/toucan-1.2B: https://huggingface.co/UBC-NLP/toucan-1.2B
papahawk/keya-560m: https://huggingface.co/papahawk/keya-560m
PeepDaSlan9/BMO_3.5: https://huggingface.co/PeepDaSlan9/BMO_3.5
monsterbeasts/LishizhenGPT: https://huggingface.co/monsterbeasts/LishizhenGPT
Jacaranda/Xhosa_ZuluLlama3_v1: https://huggingface.co/Jacaranda/Xhosa_ZuluLlama3_v1
goldfish-models/xho_latn_full: https://huggingface.co/goldfish-models/xho_latn_full
goldfish-models/xho_latn_100mb: https://huggingface.co/goldfish-models/xho_latn_100mb
goldfish-models/xho_latn_10mb: https://huggingface.co/goldfish-models/xho_latn_10mb
goldfish-models/xho_latn_5mb: https://huggingface.co/goldfish-models/xho_latn_5mb"
Kinyarwanda,"['rw', 'kin']",14,"jbochi/madlad400-8b-lm: https://huggingface.co/jbochi/madlad400-8b-lm
google/madlad400-8b-lm: https://huggingface.co/google/madlad400-8b-lm
UBC-NLP/cheetah-1.2B: https://huggingface.co/UBC-NLP/cheetah-1.2B
UBC-NLP/toucan-base: https://huggingface.co/UBC-NLP/toucan-base
UBC-NLP/toucan-1.2B: https://huggingface.co/UBC-NLP/toucan-1.2B
papahawk/keya-560m: https://huggingface.co/papahawk/keya-560m
monsterbeasts/LishizhenGPT: https://huggingface.co/monsterbeasts/LishizhenGPT
DigitalUmuganda/Kinyarwanda_YourTTS_v1: https://huggingface.co/DigitalUmuganda/Kinyarwanda_YourTTS_v1
DigitalUmuganda/kinya-gpt-2: https://huggingface.co/DigitalUmuganda/kinya-gpt-2
ChrisToukmaji/llama_kinyarwanda_LAFT: https://huggingface.co/ChrisToukmaji/llama_kinyarwanda_LAFT
goldfish-models/kin_latn_full: https://huggingface.co/goldfish-models/kin_latn_full
goldfish-models/kin_latn_100mb: https://huggingface.co/goldfish-models/kin_latn_100mb
goldfish-models/kin_latn_10mb: https://huggingface.co/goldfish-models/kin_latn_10mb
goldfish-models/kin_latn_5mb: https://huggingface.co/goldfish-models/kin_latn_5mb"
Shona,"['sn', 'sna']",23,"UBC-NLP/cheetah-base: https://huggingface.co/UBC-NLP/cheetah-base
LLaMAX/LLaMAX2-7B: https://huggingface.co/LLaMAX/LLaMAX2-7B
LLaMAX/LLaMAX3-8B: https://huggingface.co/LLaMAX/LLaMAX3-8B
jbochi/madlad400-8b-lm: https://huggingface.co/jbochi/madlad400-8b-lm
google/madlad400-8b-lm: https://huggingface.co/google/madlad400-8b-lm
LLaMAX/LLaMAX2-7B-Alpaca: https://huggingface.co/LLaMAX/LLaMAX2-7B-Alpaca
LLaMAX/LLaMAX2-7B-MetaMath: https://huggingface.co/LLaMAX/LLaMAX2-7B-MetaMath
LLaMAX/LLaMAX3-8B-Alpaca: https://huggingface.co/LLaMAX/LLaMAX3-8B-Alpaca
LLaMAX/LLaMAX2-7B-XNLI: https://huggingface.co/LLaMAX/LLaMAX2-7B-XNLI
LLaMAX/LLaMAX2-7B-X-CSQA: https://huggingface.co/LLaMAX/LLaMAX2-7B-X-CSQA
vutuka/Llama-3.1-8B-african-aya: https://huggingface.co/vutuka/Llama-3.1-8B-african-aya
Dimeltech/Tenezis-8B: https://huggingface.co/Dimeltech/Tenezis-8B
MaziyarPanahi/Mistral-7B-Instruct-Aya-101: https://huggingface.co/MaziyarPanahi/Mistral-7B-Instruct-Aya-101
MaziyarPanahi/Mistral-7B-Instruct-Aya-101-GGUF: https://huggingface.co/MaziyarPanahi/Mistral-7B-Instruct-Aya-101-GGUF
UBC-NLP/cheetah-1.2B: https://huggingface.co/UBC-NLP/cheetah-1.2B
UBC-NLP/toucan-base: https://huggingface.co/UBC-NLP/toucan-base
UBC-NLP/toucan-1.2B: https://huggingface.co/UBC-NLP/toucan-1.2B
papahawk/keya-560m: https://huggingface.co/papahawk/keya-560m
monsterbeasts/LishizhenGPT: https://huggingface.co/monsterbeasts/LishizhenGPT
goldfish-models/sna_latn_full: https://huggingface.co/goldfish-models/sna_latn_full
goldfish-models/sna_latn_100mb: https://huggingface.co/goldfish-models/sna_latn_100mb
goldfish-models/sna_latn_10mb: https://huggingface.co/goldfish-models/sna_latn_10mb
goldfish-models/sna_latn_5mb: https://huggingface.co/goldfish-models/sna_latn_5mb"
Amharic,"['am', 'amh']",59,"UBC-NLP/cheetah-base: https://huggingface.co/UBC-NLP/cheetah-base
LLaMAX/LLaMAX2-7B: https://huggingface.co/LLaMAX/LLaMAX2-7B
LLaMAX/LLaMAX3-8B: https://huggingface.co/LLaMAX/LLaMAX3-8B
lightblue/kurage-multilingual: https://huggingface.co/lightblue/kurage-multilingual
tangledgroup/tangled-llama-33m-32k-base-v0.1: https://huggingface.co/tangledgroup/tangled-llama-33m-32k-base-v0.1
tangledgroup/tangled-llama-33m-32k-instruct-v0.1: https://huggingface.co/tangledgroup/tangled-llama-33m-32k-instruct-v0.1
tangledgroup/tangled-llama-p-128k-base-v0.1: https://huggingface.co/tangledgroup/tangled-llama-p-128k-base-v0.1
jbochi/madlad400-8b-lm: https://huggingface.co/jbochi/madlad400-8b-lm
google/madlad400-8b-lm: https://huggingface.co/google/madlad400-8b-lm
LLaMAX/LLaMAX2-7B-Alpaca: https://huggingface.co/LLaMAX/LLaMAX2-7B-Alpaca
LLaMAX/LLaMAX2-7B-MetaMath: https://huggingface.co/LLaMAX/LLaMAX2-7B-MetaMath
LLaMAX/LLaMAX3-8B-Alpaca: https://huggingface.co/LLaMAX/LLaMAX3-8B-Alpaca
LLaMAX/LLaMAX2-7B-XNLI: https://huggingface.co/LLaMAX/LLaMAX2-7B-XNLI
LLaMAX/LLaMAX2-7B-X-CSQA: https://huggingface.co/LLaMAX/LLaMAX2-7B-X-CSQA
vutuka/Llama-3.1-8B-african-aya: https://huggingface.co/vutuka/Llama-3.1-8B-african-aya
Dimeltech/Tenezis-8B: https://huggingface.co/Dimeltech/Tenezis-8B
tangledgroup/tangled-llama-108m-32k-base-v0.1: https://huggingface.co/tangledgroup/tangled-llama-108m-32k-base-v0.1
tangledgroup/tangled-llama-109m-32k-base-v0.1: https://huggingface.co/tangledgroup/tangled-llama-109m-32k-base-v0.1
tangledgroup/tangled-llama-v-128k-base-v0.1: https://huggingface.co/tangledgroup/tangled-llama-v-128k-base-v0.1
tangledgroup/tangled-llama-u-128k-base-v0.1: https://huggingface.co/tangledgroup/tangled-llama-u-128k-base-v0.1
tangledgroup/tangled-llama-t-128k-base-v0.1: https://huggingface.co/tangledgroup/tangled-llama-t-128k-base-v0.1
tangledgroup/tangled-llama-q-128k-base-v0.1: https://huggingface.co/tangledgroup/tangled-llama-q-128k-base-v0.1
tangledgroup/tangled-llama-a-128k-base-v0.1: https://huggingface.co/tangledgroup/tangled-llama-a-128k-base-v0.1
tangledgroup/tangled-llama-b-128k-base-v0.1: https://huggingface.co/tangledgroup/tangled-llama-b-128k-base-v0.1
tangledgroup/tangled-llama-e-128k-v0.1: https://huggingface.co/tangledgroup/tangled-llama-e-128k-v0.1
tangledgroup/tangled-llama-f-128k-v0.1: https://huggingface.co/tangledgroup/tangled-llama-f-128k-v0.1
tangledgroup/tangled-llama-g-128k-v0.1: https://huggingface.co/tangledgroup/tangled-llama-g-128k-v0.1
tangledgroup/tangled-llama-h-128k-v0.1: https://huggingface.co/tangledgroup/tangled-llama-h-128k-v0.1
tangledgroup/tangled-llama-i-128k-v0.1: https://huggingface.co/tangledgroup/tangled-llama-i-128k-v0.1
MaziyarPanahi/Mistral-7B-Instruct-Aya-101: https://huggingface.co/MaziyarPanahi/Mistral-7B-Instruct-Aya-101
MaziyarPanahi/Mistral-7B-Instruct-Aya-101-GGUF: https://huggingface.co/MaziyarPanahi/Mistral-7B-Instruct-Aya-101-GGUF
UBC-NLP/cheetah-1.2B: https://huggingface.co/UBC-NLP/cheetah-1.2B
UBC-NLP/toucan-base: https://huggingface.co/UBC-NLP/toucan-base
UBC-NLP/toucan-1.2B: https://huggingface.co/UBC-NLP/toucan-1.2B
rasyosef/Llama-3.2-180M-Amharic: https://huggingface.co/rasyosef/Llama-3.2-180M-Amharic
TK192828/Bangable-Inanimate-Insanity-2-Microphone: https://huggingface.co/TK192828/Bangable-Inanimate-Insanity-2-Microphone
Satyam-Singh/LLaVa-Large-Language-Virtual-Assistant-v2.1.6: https://huggingface.co/Satyam-Singh/LLaVa-Large-Language-Virtual-Assistant-v2.1.6
EthioNLP/Amharic-LLAMA-all-data: https://huggingface.co/EthioNLP/Amharic-LLAMA-all-data
EthioNLP/Amharic_LLAMA_our_data: https://huggingface.co/EthioNLP/Amharic_LLAMA_our_data
BiniyamAjaw/llama-2-7b-finetuned-adapters: https://huggingface.co/BiniyamAjaw/llama-2-7b-finetuned-adapters
AbelBekele/llama-2-7b-Amharic-finetuned: https://huggingface.co/AbelBekele/llama-2-7b-Amharic-finetuned
masakhane/zephyr-7b-gemma-sft-african-alpaca: https://huggingface.co/masakhane/zephyr-7b-gemma-sft-african-alpaca
rasyosef/gpt2-small-amharic-128-v3: https://huggingface.co/rasyosef/gpt2-small-amharic-128-v3
rasyosef/gpt2-small-amharic-8k-128-v3: https://huggingface.co/rasyosef/gpt2-small-amharic-8k-128-v3
rasyosef/gpt2-small-amharic: https://huggingface.co/rasyosef/gpt2-small-amharic
Hailay/GeezScriptTokenizer: https://huggingface.co/Hailay/GeezScriptTokenizer
rasyosef/gpt2-medium-amharic-28k-512: https://huggingface.co/rasyosef/gpt2-medium-amharic-28k-512
rasyosef/llama-3.2-amharic-64k-1024: https://huggingface.co/rasyosef/llama-3.2-amharic-64k-1024
rasyosef/Llama-3.2-1B-Amharic-Instruct: https://huggingface.co/rasyosef/Llama-3.2-1B-Amharic-Instruct
rasyosef/Llama-3.2-1B-Amharic: https://huggingface.co/rasyosef/Llama-3.2-1B-Amharic
rasyosef/Llama-3.2-180M-Amharic-Instruct: https://huggingface.co/rasyosef/Llama-3.2-180M-Amharic-Instruct
modeltrainer1/Saba: https://huggingface.co/modeltrainer1/Saba
rasyosef/Llama-3.2-400M-Amharic: https://huggingface.co/rasyosef/Llama-3.2-400M-Amharic
hinaltt/Llama-3-8B-Amharic-Video-QandA: https://huggingface.co/hinaltt/Llama-3-8B-Amharic-Video-QandA
Landon93737373/Ushshshna: https://huggingface.co/Landon93737373/Ushshshna
goldfish-models/amh_ethi_1000mb: https://huggingface.co/goldfish-models/amh_ethi_1000mb
goldfish-models/amh_ethi_100mb: https://huggingface.co/goldfish-models/amh_ethi_100mb
goldfish-models/amh_ethi_10mb: https://huggingface.co/goldfish-models/amh_ethi_10mb
goldfish-models/amh_ethi_5mb: https://huggingface.co/goldfish-models/amh_ethi_5mb"
